First Name,Last Name,Email,Username,Phone,Designation,Skill,About,City
Rachelle 1,Wilson 1,rachelle.demo1@pingboard.com,rachelle1,512-555-4001,Sr. Exclusive,"Budgeting, Negotiation, Mentoring, Leadership","Mad Men, Beaches, Travel, Russian Literature",New York
Rachelle 2,Wilson 2,rachelle.demo2@pingboard.com,rachelle2,512-555-4002,Marketing & Sales,"Budgeting, Negotiation, Mentoring, Leadership","Mad Men, Beaches, Travel, Russian Literature",New York
Rachelle 3,Wilson 3,rachelle.demo3@pingboard.com,rachelle3,512-555-4003,Team Lead,"Budgeting, Negotiation, Mentoring, Leadership","Mad Men, Beaches, Travel, Russian Literature",New York
Rachelle 4,Wilson 4,rachelle.demo4@pingboard.com,rachelle4,512-555-4004,Marketing & Sales,"Budgeting, Negotiation, Mentoring, Leadership","Mad Men, Beaches, Travel, Russian Literature",New York
